Workbook

Sheet T04-GROUNDWORKS
A1: BUILDING 92
A2: GROUNDWORKS
A3: Code | B3: Description | C3: Quantity | D3: Unit | E3: Rate | F3: Total
B4: WORK MEASURED IN OTHER SECTIONS
A5: T04.1 | B5: Stormwater drainage included in T32 HYDRAULICS | D5: Note
B6: PRELIMINARIES
A7: T04.2 | B7: Site establishment & demobilisation | C7: 1 | D7: item | E7: 51750 | F7: =C7*E7 -> 51750
A8: T04.3 | B8: Survey set-out | C8: 1 | D8: item | E8: 9200 | F8: =C8*E8 -> 9200
A9: T04.4 | B9: As constructed survey | C9: 1 | D9: item | E9: 8050 | F9: =C9*E9 -> 8050
B10: EROSION AND SEDIMENT CONTROL
A11: T04.5 | B11: Allow for erosion and sediment control | C11: 1 | D11: item | E11: 13800 | F11: =C11*E11 -> 13800
B12: EXCAVATION
B13: Siteworks
A14: T04.6 | B14: Clear the site of all vegetable matter, debris, rubbish etc.; including trees <= 500 girth complete with stumps and roots | C14: 8009 | D14: m2 | E14: 5.4625 | F14: =C14*E14 -> 43749.163
A15: T04.7 | B15: Excavate to remove top soil average 200 mm deep | C15: 8009 | D15: m2 | E15: 22.425 | F15: =C15*E15 -> 179601.83
B16: Bulk Excavation
B17: Refer to Addendum 11 for further details
A18: T04.8 | B18: Bulk earthwork; commencing at reduced level; bulk cut | C18: 518 | D18: m3 | E18: 43.7 | F18: =C18*E18 -> 22636.6
A19: T04.9 | B19: Allow for imported fill placed in layers not exceeding 200 mm thick | C19: 2735 | D19: m3 | E19: 105.8 | F19: =C19*E19 -> 289363
A20: T04.10 | B20: Allow to proof roll sub-grade at pad level | C20: 8009 | D20: m2 | E20: 4.025 | F20: =C20*E20 -> 32236.225
A21: T04.11 | B21: Allow to trim, grade open excavated sub-grade | C21: 8009 | D21: m2 | E21: 4.8875 | F21: =C21*E21 -> 39143.988
B22: FILLING AND HARDCORE
A23: T04.12 | B23: 100 mm Thick Type 2.3 (CBR45%) material to building area :[4,291 m2] | C23: 430 | D23: m3 | E23: 135.7 | F23: =C23*E23 -> 58351
B24: Total | F24: =SUM(F7:F23) -> 747881.8
A26: EXTERIOR ELEMENTS
A27: Code | B27: Description | C27: Quantity | D27: Unit | E27: Rate | F27: Total
B28: ROADS, FOOTPATHS AND PAVED AREAS
B29: External Pavements
A30: T37.1 | B30: Concrete Crossover - 175 mm Thick concrete crossover with SL92 reinforcing fabric and necessary formwork as per Rockhampton Regional Council STD drawing CMDG-R-42 | C30: 324 | D30: m2 | E30: 189.75 | F30: =C30*E30 -> 61479
A31: T37.2 | B31: Pavement Type 1 - 125 mm Deep pedestrian grade insitu coloured concrete CCS Prairie with light acid wash finish [PA1] | C31: 118 | D31: m2 | E31: 155.25 | F31: =C31*E31 -> 18319.5
A32: T37.3 | B32: Pavement Type 2 - 125 mm Deep pedestrian grade insitu coloured concrete CCS Paperbark with light acid wash finish [PA2] | C32: 56 | D32: m2 | E32: 155.25 | F32: =C32*E32 -> 8694
A33: T37.4 | B33: Pavement Type 3 - 125 mm Deep pedestrian grade insitu concrete with light acid wash finish [PA3] | C33: 564 | D33: m2 | E33: 155.25 | F33: =C33*E33 -> 87561
A34: T37.5 | B34: Tie into existing pavement | C34: 20 | D34: m | E34: 109.25 | F34: =C34*E34 -> 2185
A35: T37.6 | B35: Allow for joints | C35: 1060 | D35: m2 | E35: 9.775 | F35: =C35*E35 -> 10361.5
B36: 125 mm Deep pedestrian grade insitu coloured concrete footpath to match Landscape [PA1, PA2] | C36: 89 | D36: m2 | E36: 155.25 | F36: =C36*E36 -> 13817.25
B37: External Road Pavements
A38: T37.7 | B38: D&C concrete slab including finish, falls and drainage | C38: 487 | D38: m2 | E38: 212.75 | F38: =C38*E38 -> 103609.25
A39: T37.8 | B39: Proposed Pavement Type 2 - Compacted subgrade, varying depth imported CBR 10%, 125 mm thick Type 2.3 (CBR 45%) subbase, 125 mm thick Type 2.1 (CBR 80%) base and 50 mm thick AC14 dense graded asphalt wearing course | C39: 665 | D39: m2 | E39: 212.75 | F39: =C39*E39 -> 141478.75
A40: T37.9 | B40: Proposed Pavement Type 3 - Compacted subgrade, 120 mm thick Type 2.3 (CBR 45%) subbase and 180 mm thick 32MPa concrete slab with SL82 mesh top cover including necessary formwork | C40: 254 | D40: m2 | E40: 218.5 | F40: =C40*E40 -> 55499
A41: T37.10 | B41: Tie in to existing pavement as per Granular Pavement Joint Detail on Civil drawing C140 | C41: 16 | D41: m | E41: 138 | F41: =C41*E41 -> 2208
A42: T37.11 | B42: Allow for joints not shown | C42: 977 | D42: m2 | E42: 9.775 | F42: =C42*E42 -> 9550.175
B43: Linemarking
A44: T37.12 | B44: Allow for linemarking to new road | C44: 1 | D44: item | E44: 8625 | F44: =C44*E44 -> 8625
B45: Kerb Ramps
A46: T37.13 | B46: Pedestrian kerb ramp | C46: 1 | D46: no | E46: 4025 | F46: =C46*E46 -> 4025
B47: Kerbs
A48: T37.14 | B48: 150 mm x 300 mm High barrier kerb as per Civil drawing C140 [BK] | C48: 214 | D48: m | E48: 258.75 | F48: =C48*E48 -> 55372.5
B49: Barrier kerb and channel [BKC] | C49: 73 | D49: m | E49: 373.75 | F49: =C49*E49 -> 27283.75
A51: BUILDING 21A
A52: GROUNDWORKS
A53: Code | B53: Description | C53: Quantity | D53: Unit | E53: Rate | F53: Total
B54: GENERAL CLARIFICATIONS
A55: T04.1 | B55: Refer drawing CQU-ROK-21A-G-ARC-20-01, CQU-ROK-21A-G-ARC-21-00 | D55: Note
B56: PRELIMINARIES
A57: T04.2 | B57: Site establishment & demobilisation | C57: 1 | D57: item | E57: 3450 | F57: =C57*E57 -> 3450
A58: T04.3 | B58: Survey set-out | C58: 1 | D58: item | E58: 1150 | F58: =C58*E58 -> 1150
A59: T04.4 | B59: As constructed survey | C59: 1 | D59: item | E59: 1150 | F59: =C59*E59 -> 1150
B60: EROSION AND SEDIMENT CONTROL
A61: T04.5 | B61: Allow for erosion and sediment control | C61: 1 | D61: item | E61: 1725 | F61: =C61*E61 -> 1725
B62: EXCAVATION
B63: Siteworks
A64: T04.6 | B64: Clear the site of all vegetable matter, debris, rubbish etc.; including trees <= 500 girth complete with stumps and roots, if required | C64: 93 | D64: m2 | E64: 5.4625 | F64: =C64*E64 -> 508.0125
A65: T04.7 | B65: Excavate to remove top soil, average depth to be confirmed, if required | C65: 93 | D65: m2 | E65: 22.425 | F65: =C65*E65 -> 2085.525
B66: Total | F66: =SUM(F57:F65) -> 10068.538
A68: EXTERIOR ELEMENTS
A69: Code | B69: Description | C69: Quantity | D69: Unit | E69: Rate | F69: Total
B70: GENERAL CLARIFICATIONS
A71: T37.1 | B71: Refer drawing CQU-ROK-21A-G-ARC-20-01, CQU-ROK-21A-G-ARC-21-00 | D71: Note
B72: ROADS, FOOTPATHS AND PAVED AREAS
B73: External footpath
A74: T37.2 | B74: Assumed external paving as indicated on the drawings [approximate area: 78 m²] | C74: 78 | D74: m2 | E74: 143.75 | F74: =C74*E74 -> 11212.5
A76: BUILDING 33
A78: GROUNDWORKS
A79: Code | B79: Description | C79: Quantity | D79: Unit | E79: Rate | F79: Total
B80: GENERAL CLARIFICATIONS
B81: Refer drawing Drg 33-ST-DR-GDL-510-00-00 , 33-ST-DR-GDL-900-00-01 | D81: Note
B82: WORK MEASURED IN OTHER SECTIONS
A83: T04.1 | B83: Stormwater drainage included in T32 HYDRAULICS | D83: Note
B84: PRELIMINARIES
A85: T04.2 | B85: Site establishment & demobilisation | C85: 1 | D85: item | E85: 4600 | F85: =C85*E85 -> 4600
A86: T04.3 | B86: Survey set-out | C86: 1 | D86: item | E86: 1725 | F86: =C86*E86 -> 1725
A87: T04.4 | B87: As constructed survey | C87: 1 | D87: item | E87: 1725 | F87: =C87*E87 -> 1725
B88: EROSION AND SEDIMENT CONTROL
A89: T04.5 | B89: Allow for erosion and sediment control | C89: 1 | D89: item | E89: 1725 | F89: =C89*E89 -> 1725
B90: EXCAVATION
B91: Siteworks
A92: T04.6 | B92: Clear the site of all vegetable matter, debris, rubbish etc.; including trees <= 500 girth complete with stumps and roots, if required | C92: 69 | D92: m2 | E92: 5.4625 | F92: =C92*E92 -> 376.9125
A93: T04.7 | B93: Excavate to remove top soil average 200 mm deep, if required | C93: 69 | D93: m2 | E93: 22.425 | F93: =C93*E93 -> 1547.325
A94: T04.8 | B94: Existing wall to be temporarily supported during excavation and construction phase; Section A on drawing 33-ST-DR-GDL-900-00-01 | C94: 1 | D94: item | E94: 20700 | F94: =C94*E94 -> 20700
A95: T04.9 | B95: Temporary shoring by contractors engineer to allow safe excavation of lift pit base and support to existing ground floor structure; Section A on drawing 33-ST-DR-GDL-900-00-01 | C95: 1 | D95: item | E95: 40250 | F95: =C95*E95 -> 40250
A97: EXTERIOR ELEMENTS
A98: Code | B98: Description | C98: Quantity | D98: Unit | E98: Rate | F98: Total
B99: GENERAL CLARIFICATIONS
A100: T37.1 | B100: Generally refer drawing CQU-ROK-033-00-ARC-10-00 | D100: Note
B101: ROADS, FOOTPATHS AND PAVED AREAS
B102: External footpath
A103: T37.2 | B103: Proposed footpath connection to lift, match to existing [approx. area 6m2] | C103: 1 | D103: item | E103: 1035 | F103: =C103*E103 -> 1035
B104: Concrete pathway from Building 33 to 34
A105: T37.3 | B105: Allow item for proposed 2000mm wide concrete pathway from Building 33 to 34 | C105: 1 | D105: item | E105: 9200 | F105: =C105*E105 -> 9200
A108: BUILDING 36
...

Sheet Tender Summary
A1: CQU Rockhampton TAFE Consolidation - Stage 2
A2: Civil Construction and Earthworks Tender Pricing
A4: Date | B4: Thursday 30 April, 2026
A5: Quote # | B5: TBC
A6: Prepared For | B6: Estimator
A7: Project | B7: CQU Rockhampton TAFE Consolidation - Stage 2
A8: Tender Basis | B8: Lump Sum construct-only civil pricing - subject to clarifications herein
A9: Validity | B9: 30 days from proposal date
A11: Work Area / Section | B11: Amount ex GST | C11: Reference
A12: ROK092 Groundworks | B12: ='T04-GROUNDWORKS'!F24 -> 747881.8 | C12: T04.2 to T04.12
A13: ROK092 Exterior Elements | B13: =SUM('T04-GROUNDWORKS'!F30:F49) -> 610068.68 | C13: T37.1 to T37.14
A14: ROK021A Groundworks | B14: ='T04-GROUNDWORKS'!F66 -> 10068.538 | C14: T04.2 to T04.7
A15: ROK021A Exterior Elements | B15: ='T04-GROUNDWORKS'!F74 -> 11212.5 | C15: T37.2
A16: ROK033 Groundworks | B16: =SUM('T04-GROUNDWORKS'!F85:F95) -> 72649.238 | C16: T04.2 to T04.9
A17: ROK033 Exterior Elements | B17: =SUM('T04-GROUNDWORKS'!F103:F105) -> 10235 | C17: T37.2 to T37.3
A18: ROK036 Groundworks | B18: =SUM('T04-GROUNDWORKS'!F116:F124) -> 49239.263 | C18: T04.3 to T04.8
A19: ROK036 Exterior Elements | B19: =SUM('T04-GROUNDWORKS'!F131:F144) -> 223613.48 | C19: T37.2 to T37.12
A20: ROK076 Groundworks | B20: =SUM('T04-GROUNDWORKS'!F153:F161) -> 22648.388 | C20: T04.2 to T04.7
A21: ROK076 Exterior Elements | B21: =SUM('T04-GROUNDWORKS'!F169:F171) -> 25857.75 | C21: T37.2 to T37.3
A22: Base BOQ Direct Civil Works | B22: ='T04-GROUNDWORKS'!F173 -> 1783474.6 | C22: Subtotal
A23: Tender Completion / Risk Allowance (7.5%) | B23: ='T04-GROUNDWORKS'!F174 -> 133760.6 | C23: Allowance
A24: Tender Value Excluding GST | B24: ='T04-GROUNDWORKS'!F175 -> 1917235.2 | C24: Lump Sum
A25: GST (10%) | B25: ='T04-GROUNDWORKS'!F176 -> 191723.52 | C25: GST
A26: Tender Value Including GST | B26: ='T04-GROUNDWORKS'!F177 -> 2108958.7 | C26: Lump Sum
